code,name
000020,동화약품
000040,KR모터스
000050,경방
000060,메리츠화재
000070,삼양홀딩스
000075,삼양홀딩스우
000080,하이트진로
000087,하이트진로2우B
000100,유한양행
000105,유한양행우
000120,CJ대한통운
000140,하이트진로홀딩스
000145,하이트진로홀딩스우
000150,두산
000155,두산우
000157,두산2우B
000180,성창기업지주
000210,대림산업
000215,대림산업우
000220,유유제약
000225,유유제약1우
000227,유유제약2우B
000230,일동홀딩스
000240,한국테크놀로지그룹
000270,기아차
000300,대유플러스
000320,노루홀딩스
000325,노루홀딩스우
000370,한화손해보험
000390,삼화페인트
000400,롯데손해보험
000430,대원강업
000480,조선내화
000490,대동공업
000500,가온전선
000520,삼일제약
000540,흥국화재
000545,흥국화재우
000547,흥국화재2우B
000590,CS홀딩스
000640,동아쏘시오홀딩스
000650,천일고속
000660,SK하이닉스
000670,영풍
000680,LS네트웍스
000700,유수홀딩스
000720,현대건설
000725,현대건설우
000760,이화산업
000810,삼성화재
000815,삼성화재우
000850,화천기공
000860,강남제비스코
000880,한화
000885,한화우
00088K,한화3우B
000890,보해양조
000910,유니온
000950,전방
000970,한국주철관
000990,DB하이텍
000995,DB하이텍1우
001020,페이퍼코리아
001040,CJ
001045,CJ우
00104K,CJ4우(전환)
001060,JW중외제약
001065,JW중외제약우
001067,JW중외제약2우B
001070,대한방직
001080,만호제강
001120,LG상사
001130,대한제분
001140,국보
001200,유진투자증권
001210,금호전기
001230,동국제강
001250,GS글로벌
001260,남광토건
001270,부국증권
001275,부국증권우
001290,상상인증권
001340,백광산업
001360,삼성제약
001380,SG충방
001390,KG케미칼
001420,태원물산
001430,세아베스틸
001440,대한전선
001450,현대해상
001460,BYC
001465,BYC우
001470,삼부토건
001500,현대차증권
001510,SK증권
001515,SK증권우
001520,동양
001525,동양우
001527,동양2우B
001529,동양3우B
001530,DI동일
001550,조비
001560,제일연마
001570,금양
001620,케이비아이동국실업
001630,종근당홀딩스
001680,대상
001685,대상우
001720,신영증권
001725,신영증권우
001740,SK네트웍스
001745,SK네트웍스우
001750,한양증권
001755,한양증권우
001770,신화실업
001780,알루코
001790,대한제당
001795,대한제당우
001799,대한제당3우B
001800,오리온홀딩스
001820,삼화콘덴서
001880,삼호
001940,KISCO홀딩스
002020,코오롱
002025,코오롱우
002030,아세아
002070,남영비비안
002100,경농
002140,고려산업
002150,도화엔지니어링
002170,삼양통상
002200,수출포장
002210,동성제약
002220,한일철강
002240,고려제강
002270,롯데푸드
002300,한국제지
002310,아세아제지
002320,한진
002350,넥센타이어
002355,넥센타이어1우B
002360,SH에너지화학
002380,KCC
002390,한독
002410,범양건영
002420,세기상사
002450,삼익악기
002460,화성산업
002600,조흥
002620,제일파마홀딩스
002630,오리엔트바이오
002690,동일제강
002700,신일산업
002710,TCC스틸
002720,국제약품
002760,보락
002780,진흥기업
002785,진흥기업우B
002787,진흥기업2우B
002790,아모레G
002795,아모레G우
00279K,아모레G3우(전환)
002810,삼영무역
002820,선창산업
002840,미원상사
002870,신풍제지
002880,대유에이텍
002900,동양물산
002920,유성기업
002960,한국쉘석유
002990,금호산업
002995,금호산업우
003000,부광약품
003010,혜인
003030,세아제강지주
003060,에이프로젠제약
003070,코오롱글로벌
003075,코오롱글로벌우
003080,성보화학
003090,대웅
003120,일성신약
003160,디아이
003200,일신방직
003220,대원제약
003230,삼양식품
003240,태광산업
003280,흥아해운
003300,한일홀딩스
003350,한국화장품제조
003410,쌍용양회
003415,쌍용양회우
003460,유화증권
003465,유화증권우
003470,유안타증권
003475,유안타증권우
003480,한진중공업홀딩스
003490,대한항공
003495,대한항공우
003520,영진약품
003530,한화투자증권
003535,한화투자증권우
003540,대신증권
003545,대신증권우
003547,대신증권2우B
003550,LG
003555,LG우
003560,IHQ
003570,S&T중공업
003580,넥스트사이언스
003610,방림
003620,쌍용차
003650,미창석유
003670,포스코케미칼
003680,한성기업
003690,코리안리
003720,삼영화학
003780,진양산업
003830,대한화섬
003850,보령제약
003920,남양유업
003925,남양유업우
003960,사조대림
004000,롯데정밀화학
004020,현대제철
004060,SG세계물산
004080,신흥
004090,한국석유
004100,태양금속
004105,태양금속우
004140,동방
004150,한솔홀딩스
004170,신세계
004200,고려개발
004250,NPC
004255,NPC우
004270,남성
004310,현대약품
004360,세방
004365,세방우
004370,농심
004380,삼익THK
004410,서울식품
004415,서울식품우
004430,송원산업
004440,대림씨엔에스
004450,삼화왕관
004490,세방전지
004540,깨끗한나라
004545,깨끗한나라우
004560,현대비앤지스틸
004565,현대비앤지스틸우
004690,삼천리
004700,조광피혁
004710,한솔테크닉스
004720,우리들제약
004770,써니전자
004800,효성
004830,덕성
004835,덕성우
004840,DRB동일
004870,티웨이홀딩스
004890,동일산업
004910,조광페인트
004920,씨아이테크
004960,한신공영
004970,신라교역
004980,성신양회
004985,성신양회우
004990,롯데지주
00499K,롯데지주우
005010,휴스틸
005030,부산주공
005070,코스모신소재
005090,삼광글라스
005110,한창
005180,빙그레
005190,동성화학
005250,녹십자홀딩스
005257,녹십자홀딩스2우
005300,롯데칠성
005305,롯데칠성우
005320,국동
005360,모나미
005380,현대차
005385,현대차우
005387,현대차2우B
005389,현대차3우B
005390,신성통상
005420,코스모화학
005430,한국공항
005440,현대그린푸드
005450,신한
005490,POSCO
005500,삼진제약
005610,SPC삼립
005680,삼영전자
005690,파미셀
005720,넥센
005725,넥센우
005740,크라운해태홀딩스
005745,크라운해태홀딩스우
005750,대림B&Co
005800,신영와코루
005810,풍산홀딩스
005820,원림
005830,DB손해보험
005850,에스엘
005870,휴니드
005880,대한해운
005930,삼성전자
005935,삼성전자우
005940,NH투자증권
005945,NH투자증권우
005950,이수화학
005960,동부건설
005965,동부건설우
006040,동원산업
006060,화승인더
006090,사조오양
006110,삼아알미늄
006120,SK디스커버리
006125,SK디스커버리우
006200,한국전자홀딩스
006220,제주은행
006260,LS
006280,녹십자
006340,대원전선
006345,대원전선우
006360,GS건설
006370,대구백화점
006380,카프로
006390,한일현대시멘트
006400,삼성SDI
006405,삼성SDI우
006490,인스코비
006570,대림통상
006650,대한유화
006660,삼성공조
006740,영풍제지
006800,미래에셋대우
006805,미래에셋대우우
00680K,미래에셋대우2우B
006840,AK홀딩스
006880,신송홀딩스
006890,태경화학
006980,우성사료
007070,GS리테일
007110,일신석재
007120,미래아이앤지
007160,사조산업
007210,벽산
007280,한국특수형강
007310,오뚜기
007340,디티알오토모티브
007460,에이프로젠KIC
007540,샘표
007570,일양약품
007575,일양약품우
007590,동방아그로
007610,선도전기
007630,폴루스바이오팜
007660,이수페타시스
007690,국도화학
007700,F&F
007810,코리아써키트
007815,코리아써우
00781K,코리아써키트2우B
007860,서연
007980,태평양물산
008040,사조동아원
008060,대덕전자
00806K,대덕전자1우
008110,대동전자
008250,이건산업
008260,NI스틸
008350,남선알미늄
008355,남선알미우
008420,문배철강
008490,서흥
008500,일정실업
008560,메리츠종금증권
008600,윌비스
008700,아남전자
008730,율촌화학
008770,호텔신라
008775,호텔신라우
008870,금비
008930,한미사이언스
008970,동양철관
009070,KCTC
009140,경인전자
009150,삼성전기
009155,삼성전기우
009160,SIMPAC
009180,한솔로지스틱스
009190,대양금속
009200,무림페이퍼
009240,한샘
009270,신원
009275,신원우
009290,광동제약
009310,참엔지니어링
009320,대우부품
009410,태영건설
009415,태영건설우
009420,한올바이오파마
009440,KC그린홀딩스
009450,경동나비엔
009460,한창제지
009470,삼화전기
009540,한국조선해양
009580,무림P&P
009680,모토닉
009770,삼정펄프
009810,엔케이물산
009830,한화솔루션
009835,한화솔루션우
009970,영원무역홀딩스
010040,한국내화
010050,우리종금
010060,OCI
010100,한국프랜지
010120,LS산전
010130,고려아연
010140,삼성중공업
010145,삼성중공우
010400,우진아이엔에스
010420,한솔PNS
010580,지코
010600,웰바이오텍
010620,현대미포조선
010640,진양폴리
010660,화천기계
010690,화신
010770,평화홀딩스
010780,아이에스동서
010820,퍼스텍
010950,S-Oil
010955,S-Oil우
010960,삼호개발
011000,진원생명과학
011070,LG이노텍
011090,에넥스
011150,CJ씨푸드
011155,CJ씨푸드1우
011160,두산건설
011170,롯데케미칼
011200,현대상선
011210,현대위아
011230,삼화전자
011280,태림포장
011300,성안
011330,유니켐
011390,부산산업
011420,갤럭시아에스엠
011500,한농화성
011690,유양디앤유
011700,한신기계
011760,현대상사
011780,금호석유
011785,금호석유우
011790,SKC
011810,STX
011930,신성이엔지
012030,DB
012160,영흥철강
012170,키위미디어그룹
012200,계양전기
012205,계양전기우
012280,영화금속
012320,경동인베스트
012330,현대모비스
012450,한화에어로스페이스
012510,더존비즈온
012600,청호컴넷
012610,경인양행
012630,HDC
012690,모나리자
012750,에스원
012800,대창
013000,세우글로벌
013360,일성건설
013520,화승알앤에이
013570,디와이
013580,계룡건설
013700,까뮤이앤씨
013870,지엠비코리아
013890,지누스
014130,한익스프레스
014160,대영포장
014280,금강공업
014285,금강공업우
014440,영보화학
014530,극동유화
014580,백광소재
014680,한솔케미칼
014710,사조씨푸드
014790,한라
014820,동원시스템즈
014825,동원시스템즈우
014830,유니드
014910,성문전자
014915,성문전자우
014990,인디에프
015020,이스타코
015230,대창단조
015260,에이엔피
015350,부산가스
015360,예스코홀딩스
015540,쎌마테라퓨틱스
015590,큐로
015760,한국전력
015860,일진홀딩스
015890,태경산업
016090,대현
016360,삼성증권
016380,동부제철
016385,동부제철우
016450,한세예스24홀딩스
016580,환인제약
016590,신대양제지
016610,DB금융투자
016710,대성홀딩스
016740,두올
016800,퍼시스
016880,웅진
017040,광명전기
017180,명문제약
017370,우신시스템
017390,서울가스
017550,수산중공업
017670,SK텔레콤
017800,현대엘리베이
017810,풀무원
017900,광전자
017940,E1
017960,한국카본
018250,애경산업
018260,삼성에스디에스
018470,조일알미늄
018500,동원금속
018670,SK가스
018880,한온시스템
019170,신풍제약
019175,신풍제약우
019180,티에이치엔
019440,세아특수강
019490,하이트론
019680,대교
019685,대교우B
020000,한섬
020120,키다리스튜디오
020150,일진머티리얼즈
020560,아시아나항공
020760,일진디스플
021050,서원
021240,코웨이
021820,세원정공
023000,삼원강재
023150,MH에탄올
023350,한국종합기술
023450,동남합성
023530,롯데쇼핑
023590,다우기술
023800,인지컨트롤스
023810,인팩
023960,에쓰씨엔지니어링
024070,WISCOM
024090,디씨엠
024110,기업은행
024720,한국콜마홀딩스
024890,대원화성
024900,덕양산업
025000,KPX케미칼
025530,SJM홀딩스
025540,한국단자
025560,미래산업
025620,제이준코스메틱
025750,한솔홈데코
025820,이구산업
025860,남해화학
025890,한국주강
026890,디피씨
026940,부국철강
026960,동서
027390,한화갤러리아타임월드
027410,BGF
027740,마니커
027970,세하
028050,삼성엔지니어링
028100,동아지질
028260,삼성물산
02826K,삼성물산우B
028670,팬오션
029460,케이씨
029530,신도리코
029780,삼성카드
030000,제일기획
030200,KT
030210,KTB투자증권
030610,교보증권
030720,동원수산
030790,동양네트웍스
031430,신세계인터내셔날
031440,신세계푸드
031820,콤텍시스템
032350,롯데관광개발
032560,황금에스티
032640,LG유플러스
032830,삼성생명
033180,필룩스
033240,자화전자
033250,체시스
033270,유나이티드제약
033530,세종공업
033660,아주캐피탈
033780,KT&G
033920,무학
034020,두산중공업
034120,SBS
034220,LG디스플레이
034300,신세계건설
034310,NICE
034590,인천도시가스
034730,SK
03473K,SK우
034830,한국토지신탁
035000,지투알
035150,백산
035250,강원랜드
035420,NAVER
035510,신세계I&C
035720,카카오
036420,제이콘텐트리
036460,한국가스공사
036530,S&T홀딩스
036570,엔씨소프트
036580,팜스코
037270,YGPLUS
037560,LG헬로비전
037710,광주신세계
039130,하나투어
039490,키움증권
039570,HDC아이콘트롤스
041650,상신브레이크
042660,대우조선해양
042670,두산인프라코어
042700,한미반도체
044380,주연테크
044450,KSS해운
044820,코스맥스비티아이
047040,대우건설
047050,포스코인터내셔널
047400,유니온머티리얼
047810,한국항공우주
049770,동원F&B
049800,우진플라임
051600,한전KPS
051630,진양화학
051900,LG생활건강
051905,LG생활건강우
051910,LG화학
051915,LG화학우
052690,한전기술
053210,스카이라이프
053690,한미글로벌
055490,테이팩스
055550,신한지주
057050,현대홈쇼핑
058430,포스코강판
058650,세아홀딩스
058730,다스코
058850,KTcs
058860,KTis
060980,한라홀딩스
063160,종근당바이오
064350,현대로템
064960,S&T모티브
066570,LG전자
066575,LG전자우
067830,세이브존I&C
068270,셀트리온
068290,삼성출판사
068400,SK렌터카
069260,휴켐스
069460,대호에이엘
069500,KODEX200
069620,대웅제약
069640,한세엠케이
069660,KOSEF200
069730,DSR제강
069960,현대백화점
070960,용평리조트
071050,한국금융지주
071055,한국금융지주우
071090,하이스틸
071320,지역난방공사
071840,롯데하이마트
071950,코아스
071970,STX중공업
072130,유엔젤
072710,농심홀딩스
073240,금호타이어
074610,나노메딕스
075180,새론오토모티브
075580,세진중공업
077500,유니퀘스트
077970,STX엔진
078000,텔코웨어
078520,에이블씨엔씨
078930,GS
078935,GS우
079160,CJCGV
079430,현대리바트
079550,LIG넥스원
079980,휴비스
081000,일진다이아
081660,휠라홀딩스
082640,동양생명
082740,HSD엔진
083370,동북아12호
083380,동북아13호
083420,그린케미칼
084010,대한제강
084670,동양고속
084680,이월드
084690,대상홀딩스
084695,대상홀딩스우
084870,TBH글로벌
085310,엔케이
085620,미래에셋생명
086280,현대글로비스
086790,하나금융지주
088260,이리츠코크렙
088350,한화생명
088790,진도
088980,맥쿼리인프라
089470,HDC현대EP
089590,제주항공
090080,평화산업
090350,노루페인트
090355,노루페인트우
090370,메타랩스
090430,아모레퍼시픽
090435,아모레퍼시픽우
091090,세원셀론텍
091160,KODEX반도체
091170,KODEX은행
091180,KODEX자동차
091220,TIGER은행
091230,TIGER반도체
091810,티웨이항공
092200,디아이씨
092220,KEC
092230,KPX홀딩스
092440,기신정기
092780,동양피스톤
093050,LF
093230,이아이디
093240,형지엘리트
093370,후성
094280,효성ITX
094800,맵스리얼티1
095570,AJ네트웍스
095720,웅진씽크빅
096300,베트남개발1
096760,JW홀딩스
096770,SK이노베이션
096775,SK이노베이션우
097230,한진중공업
097750,TREX중소형가치
097950,CJ제일제당
097955,CJ제일제당우
098560,TIGER방송통신
099140,KODEXChinaH
099340,하나니켈1호
099350,하나니켈2호
100220,비상교육
100250,진양홀딩스
100840,S&TC
100910,KOSEFKRX100
101060,SBS미디어홀딩스
101140,비티원
101280,KODEX일본TOPIX100
101530,해태제과식품
102110,TIGER200
102260,동성코퍼레이션
102280,쌍방울
102460,이연제약
102780,KODEX삼성그룹
102960,KODEX기계장비
102970,KODEX증권
103130,웅진에너지
103140,풍산
103590,일진전기
104520,KOSEF블루칩
104530,KOSEF고배당
104700,한국철강
105010,TIGER라틴35
105190,KINDEX200
105560,KB금융
105630,한세실업
105780,KBSTAR5대그룹주
105840,우진
107590,미원홀딩스
108450,KINDEX삼성그룹섹터가중
108590,TREX200
108670,LG하우시스
108675,LG하우시스우
109070,컨버즈
111110,호전실업
111770,영원무역
112610,씨에스윈드
114090,GKL
114100,KBSTAR국고채3년
114260,KODEX국고채3년
114460,KINDEX중기국고채
114470,KOSEF국고채3년
114800,KODEX인버스
114820,TIGER국채3년
115390,락앤락
117460,KODEX에너지화학
117580,대성에너지
117680,KODEX철강
117690,TIGER차이나항셍25
117700,KODEX건설
118000,우리들휴브레인
119650,KC코트렐
120030,조선선재
120110,코오롱인더
120115,코오롱인더우
122090,ARIRANG코스피50
122260,KOSEF통안채1년
122630,KODEX레버리지
122900,아이마켓코리아
123310,TIGER인버스
123320,TIGER레버리지
123690,한국화장품
123700,SJM
123890,한국자산신탁
126560,현대에이치씨엔
128820,대성산업
128940,한미약품
129260,인터지스
130660,한전산업
130680,TIGER원유선물Enhanced(H)
130730,KOSEF단기자금
131890,KINDEX삼성그룹동일가중
132030,KODEX골드선물(H)
133690,TIGER미국나스닥100
133820,화인베스틸
134380,미원화학
134790,시디즈
136340,KBSTAR중기우량회사채
136490,선진
137610,TIGER농산물선물Enhanced(H)
137930,마이다스200커버드콜5%OTM
138040,메리츠금융지주
138230,KOSEF미국달러선물
138250,엔에스쇼핑
138490,코오롱플라스틱
138520,TIGER삼성그룹펀더멘털
138530,TIGERLG그룹+펀더멘털
138540,TIGER현대차그룹+펀더멘털
138910,KODEX구리선물(H)
138920,KODEX콩선물(H)
138930,BNK금융지주
139130,DGB금융지주
139220,TIGER200건설
139230,TIGER200중공업
139240,TIGER200철강소재
139250,TIGER200에너지화학
139260,TIGER200IT
139270,TIGER200금융
139280,TIGER경기방어
139290,TIGER200경기소비재
139310,TIGER금속선물(H)
139320,TIGER금은선물(H)
139480,이마트
139660,KOSEF미국달러선물인버스
140570,KBSTAR수출주
140580,KBSTAR우량업종
140700,KODEX보험
140710,KODEX운송
140910,에이리츠
140950,파워코스피100
143210,핸즈코퍼레이션
143460,KINDEX밸류대형
143850,TIGER미국S&P500선물(H)
143860,TIGER헬스케어
144600,KODEX은선물(H)
144620,코오롱머티리얼
145210,세화아이엠씨
145270,케이탑리츠
145670,KINDEX인버스
145720,덴티움
145850,TREX펀더멘탈200
145990,삼양사
145995,삼양사우
147970,TIGER모멘텀
148020,KBSTAR200
148070,KOSEF국고채10년
150460,TIGER중국소비테마
152100,ARIRANG200
152280,KOSEF200선물
152330,코리아오토글라스
152380,KODEX국채선물10년
152500,KINDEX레버리지
152550,한국ANKOR유전
152870,파워200
153130,KODEX단기채권
153270,KOSEF코스피100
153360,하이골드3호
155660,DSR
155900,바다로19호
156080,KODEXMSCIKorea
157450,TIGER단기통안채
157490,TIGER소프트웨어
157500,TIGER증권
159650,하이골드8호
159800,마이티코스피100
160580,TIGER구리실물
161000,애경유화
161390,한국타이어앤테크놀로지
161510,ARIRANG고배당주
161890,한국콜마
163560,동일고무벨트
166400,TIGER200커버드콜5%OTM
167860,KOSEF국고채10년레버리지
168300,KTOP코스피50
168490,한국패러랠
168580,KINDEX중국본토CSI300
169950,KODEX중국본토A50
170350,TIGER베타플러스
170900,동아에스티
172580,하이골드12호
174350,TIGER로우볼
174360,KBSTAR중국본토대형주CSI100
175330,JB금융지주
176710,파워중기국고채
176950,KODEX국채선물10년인버스
180640,한진칼
18064K,한진칼우
181480,KINDEX미국다우존스리츠(합성H)
181710,NHN
182480,TIGER미국MSCI리츠(합성H)
182490,TIGER단기선진하이일드(합성H)
183190,아세아시멘트
183700,KBSTAR채권혼합
183710,KBSTAR주식혼합
185680,KODEX미국S&P바이오(합성)
185750,종근당
189400,ARIRANG글로벌MSCI(합성H)
190160,ARIRANG단기유동성
190620,KINDEX단기통안채
192080,더블유게임즈
192090,TIGER차이나CSI300
192400,쿠쿠홀딩스
192650,드림텍
192720,파워고배당저변동성
192820,코스맥스
194370,제이에스코퍼레이션
195870,해성디에스
195920,TIGER일본TOPIX(합성H)
195930,TIGER유로스탁스50(합성H)
195970,ARIRANG선진국MSCI(합성H)
195980,ARIRANG신흥국MSCI(합성H)
196030,KINDEX일본TOPIX레버리지(H)
196220,KBSTAR일본TOPIX레버리지(H)
196230,KBSTAR단기통안채
200030,KODEX미국S&P산업재(합성)
200250,KOSEF인도Nifty50(합성)
200880,서연이화
203780,TIGER미국나스닥바이오
204210,모두투어리츠
204320,만도
204450,KODEXChinaH레버리지(H)
204480,TIGER차이나CSI300레버리지(합성)
205720,KINDEX일본TOPIX인버스(합성H)
207940,삼성바이오로직스
208470,SMART선진국MSCIWorld(합성H)
210540,디와이파워
210780,TIGER코스피고배당
210980,SK디앤디
211210,마이티코스피고배당
211260,KINDEX배당성장
211560,TIGER배당성장
211900,KODEX배당성장
213500,한솔제지
213610,KODEX삼성그룹밸류
213630,ARIRANG미국다우존스고배당주(합성H)
214320,이노션
214330,금호에이치티
214390,경보제약
214420,토니모리
214980,KODEX단기채권PLUS
215620,흥국S&P코리아로우볼
217770,TIGER원유선물인버스(H)
217780,TIGER차이나CSI300인버스(합성)
217790,TIGER가격조정
218420,KODEX미국S&P에너지(합성)
219390,KBSTAR미국S&P원유생산기업(합성H)
219480,KODEX미국S&P500선물(H)
219900,KINDEX중국본토CSI300레버리지(합성)
220130,SMART중국본토중소형CSI500(합성H)
222180,ARIRANG스마트베타Value
222190,ARIRANG스마트베타Momentum
222200,ARIRANG스마트베타Quality
223190,KODEX200가치저변동
225030,TIGER미국S&P500선물인버스(H)
225040,TIGER미국S&P500레버리지(합성H)
225050,TIGER유로스탁스레버리지(합성H)
225060,TIGER이머징마켓MSCI레버리지(합성H)
225130,KINDEX골드선물레버리지(합성H)
225800,KOSEF미국달러선물레버리지
226320,잇츠한불
226380,KINDEX한류
226490,KODEX코스피
226980,KODEX200중소형
227540,TIGER200헬스케어
227550,TIGER200산업재
227560,TIGER200생활소비재
227570,TIGER우량가치
227830,ARIRANG코스피
227840,현대코퍼레이션홀딩스
228790,TIGER화장품
228800,TIGER여행레저
228810,TIGER미디어컨텐츠
228820,TIGERKTOP30
229200,KODEX코스닥150
229640,LS전선아시아
229720,KODEXKTOP30
230480,KOSEF미국달러선물인버스2X
232080,TIGER코스닥150
233160,TIGER코스닥150레버리지
233740,KODEX코스닥150레버리지
234080,JW생명과학
234310,KBSTARV&S셀렉트밸류
236350,TIGER인도니프티50레버리지(합성)
236460,ARIRANG스마트베타LowVOL
237350,KODEX코스피100
237370,KODEX배당성장채권혼합
237440,TIGER경기방어채권혼합
238670,ARIRANG스마트베타Quality채권혼합
238720,KINDEX일본Nikkei225(H)
239660,ARIRANG우량회사채501년
241180,TIGER일본니케이225
241390,KBSTARV&S셀렉트밸류채권혼합
241560,두산밥캣
241590,화승엔터프라이즈
243880,TIGER200IT레버리지
243890,TIGER200에너지화학레버리지
244580,KODEX바이오
244620,KODEX모멘텀Plus
244660,KODEX퀄리티Plus
244670,KODEX밸류Plus
245340,TIGER미국다우존스30
245350,TIGER유로스탁스배당30
245360,TIGER차이나HSCEI
245710,KINDEX베트남VN30(합성)
247780,KODEX가치투자
247790,KODEX성장투자
247800,KODEX턴어라운드투자
248170,샘표식품
248260,TIGER일본TOPIX헬스케어(합성)
248270,TIGERS&P글로벌헬스케어(합성)
249420,일동제약
250730,KBSTAR차이나HSCEI(H)
250780,TIGER코스닥150선물인버스
251270,넷마블
251340,KODEX코스닥150선물인버스
251350,KODEX선진국MSCIWorld
251590,ARIRANG고배당저변동50
251600,ARIRANG고배당주채권혼합
251890,KINDEX코스닥(합성)
252000,TIGER200동일가중
252400,KBSTAR200선물레버리지
252410,KBSTAR200선물인버스
252420,KBSTAR200선물인버스2X
252650,KODEX200동일가중
252670,KODEX200선물인버스2X
252710,TIGER200선물인버스2X
252720,KBSTAR모멘텀밸류
252730,KBSTAR모멘텀로우볼
253150,ARIRANG200선물레버리지
253160,ARIRANG200선물인버스2X
253230,KOSEF200선물인버스2X
253240,KOSEF200선물인버스
253250,KOSEF200선물레버리지
253280,KBSTAR헬스케어
253290,KBSTAR헬스케어채권혼합
253990,TIGER대만TAIEX선물(H)
256440,KINDEX인도네시아MSCI(합성)
256450,ARIRANG심천차이넥스트(합성)
256750,KODEX심천ChiNext(합성)
260200,KOSEF배당바이백Plus
260270,KOSEF저PBR가중
261060,TIGER코스닥150IT
261070,TIGER코스닥150바이오테크
261110,TIGER미국달러선물레버리지
261120,TIGER미국달러선물인버스2X
261140,TIGER우선주
261220,KODEXWTI원유선물(H)
261240,KODEX미국달러선물
261250,KODEX미국달러선물레버리지
261260,KODEX미국달러선물인버스2X
261270,KODEX미국달러선물인버스
261920,KINDEX필리핀MSCI(합성)
263190,ARIRANG단기우량채권
264900,크라운제과
26490K,크라운제과우
265690,KINDEX러시아MSCI(합성)
266140,TIGER지속배당
266160,KBSTAR고배당
266360,KODEX미디어&엔터테인먼트
266370,KODEXIT
266390,KODEX경기소비재
266410,KODEX필수소비재
266420,KODEX헬스케어
266550,ARIRANG중형주저변동50
267250,현대중공업지주
267260,현대일렉트릭
267270,현대건설기계
267290,경동도시가스
267300,TIGER코스닥150로우볼
267440,KBSTAR미국장기국채선물(H)
267450,KBSTAR미국장기국채선물인버스(H)
267490,KBSTAR미국장기국채선물레버리지(합성H)
267500,KBSTAR미국장기국채선물인버스2X(합성H)
267770,TIGER200선물레버리지
267850,아시아나IDT
268280,미원에스씨
269370,TIGERS&P글로벌인프라(합성)
269420,KODEXS&P글로벌인프라(합성)
269530,ARIRANGS&P글로벌인프라
269540,ARIRANG미국S&P500(H)
270800,KBSTARKQ고배당
270810,KBSTAR코스닥150
271050,KODEXWTI원유선물인버스(H)
271060,KODEX3대농산물선물(H)
271560,오리온
271980,제일약품
272210,한화시스템
272220,KINDEX스마트모멘텀
272230,KINDEX스마트밸류
272450,진에어
272550,삼양패키징
272560,KBSTAR단기국공채액티브
272570,KBSTAR중장기국공채액티브
272580,TIGER단기채권액티브
272910,KINDEX중장기국공채액티브
273130,KODEX종합채권(AA-이상)액티브
273140,KODEX단기변동금리부채권액티브
275280,KODEXMSCI모멘텀
275290,KODEXMSCI밸류
275300,KODEXMSCI퀄리티
275540,파워스마트밸류
275750,KBSTAR코스닥150선물인버스
275980,TIGER글로벌4차산업혁신기술(합성H)
276000,TIGER글로벌자원생산기업(합성H)
276650,KBSTAR글로벌4차산업IT(합성H)
276970,KODEX미국S&P고배당커버드콜(합성H)
276990,KODEX글로벌4차산업로보틱스(합성)
277540,KINDEXS&P아시아TOP50
277630,TIGER코스피
277640,TIGER코스피대형주
277650,TIGER코스피중형주
278240,KBSTAR코스닥150선물레버리지
278420,ARIRANGESG우수기업
278530,KODEX200TR
278540,KODEXMSCIKoreaTR
278620,ARIRANG단기채권액티브
279530,KODEX고배당
279540,KODEX최소변동성
280320,KINDEX미국4차산업인터넷(합성H)
280360,롯데제과
280920,ARIRANG주도업종
280930,KODEX미국러셀2000(H)
280940,KODEX골드선물인버스(H)
281820,케이씨텍
281990,KBSTAR중소형고배당
282000,KBSTAR국고채3년선물인버스
282330,BGF리테일
282690,동아타이어
283580,KODEX중국본토CSI300
283930,KBSTAR지주회사
284430,KODEX200미국채혼합
284740,쿠쿠홈시스
284980,KBSTAR200금융
284990,KBSTAR200에너지화학
285000,KBSTAR200IT
285010,KBSTAR200중공업
285020,KBSTAR200철강소재
285130,SK케미칼
28513K,SK케미칼우
285690,FOCUSESG리더스
286940,롯데정보통신
287180,ARIRANG미국나스닥기술주
287300,KBSTAR200건설
287310,KBSTAR200경기소비재
287320,KBSTAR200산업재
287330,KBSTAR200생활소비재
289040,KODEXMSCIKOREAESG유니버설
289250,TIGERMSCIKOREAESG유니버설
289260,TIGERMSCIKOREAESG리더스
289480,TIGER200커버드콜ATM
289670,ARIRANG국채선물10년
290080,KBSTAR200고배당커버드콜ATM
290130,KBSTARESG사회책임투자
291130,KINDEX멕시코MSCI(합성)
291610,KOSEF코스닥150선물
291620,KOSEF코스닥150선물인버스
291630,KOSEF코스닥150선물레버리지
291660,KODEXChinaH선물인버스(H)
291680,KBSTAR차이나H선물인버스(H)
291890,KODEXMSCIEM선물(H)
292050,KBSTARKRX300
292100,TIGER대형성장
292110,TIGER대형가치
292120,TIGER중소형
292130,TIGER중소형성장
292140,TIGER중소형가치
292150,TIGERTOP10
292160,TIGERKRX300
292190,KODEXKRX300
292340,마이티200커버드콜ATM레버리지
292500,SMARTKRX300
292560,TIGER일본엔선물
292570,TIGER일본엔선물레버리지
292580,TIGER일본엔선물인버스
292590,TIGER일본엔선물인버스2X
292730,FOCUSKRX300
292750,ARIRANGKRX300
292770,KODEX국채선물3년인버스
293180,HANARO200
293480,하나제약
293940,신한알파리츠
294400,KOSEF200TR
294870,HDC현대산업개발
295000,KBSTAR국채선물10년
295020,KBSTAR국채선물10년인버스
295040,SMART200TR
295820,ARIRANG200동일가중
296710,KODEXFnKorea50
298000,효성화학
298020,효성티앤씨
298040,효성중공업
298050,효성첨단소재
298340,ARIRANG국채선물3년
298690,에어부산
298770,KODEX한국대만IT프리미어
299070,KINDEX국채선물10년인버스
299080,KINDEX국채선물3년인버스
300280,KBSTAR중소형모멘텀로우볼
300290,KBSTAR중소형모멘텀밸류
300300,KBSTARKQ모멘텀로우볼
300310,KBSTARKQ모멘텀밸류
300610,TIGERK게임
300640,KBSTAR게임테마
300720,한일시멘트
300950,KODEX게임산업
301400,ARIRANG코스닥150
301410,ARIRANG코스닥150선물인버스
301440,ARIRANG코스피중형주
302170,TIGER국채선물3년인버스
302180,TIGER국채선물10년인버스
302190,TIGER중장기국채
302200,TIGER중장기국채선물인버스
302210,TIGER중장기국채선물인버스2X
302450,KBSTAR코스피
304660,KODEX미국채울트라30년선물(H)
304670,KODEX미국채울트라30년선물인버스(H)
304760,HANAROKRX300
304770,HANARO코스닥150
304780,HANARO200선물레버리지
304940,KODEX미국나스닥100선물(H)
305050,KINDEX코스피
305080,TIGER미국채10년선물
305540,TIGER2차전지테마
305720,KODEX2차전지산업
306200,세아제강
306520,HANARO200선물인버스
306530,HANARO코스닥150선물레버리지
306540,HANARO단기통안채
306950,KODEXKRX300레버리지
306960,KODEXKRX300선물인버스
307010,KBSTARKRX300레버리지
307020,KBSTARKRX300선물인버스
307510,TIGER의료기기
307520,TIGER지주회사
307610,TIGERKRX300레버리지
307620,TIGERKRX300선물인버스
307950,현대오토에버
308170,센트랄모텍
308620,KODEX미국채10년선물
309170,ARIRANGKRX300IT
309180,ARIRANGKRX300금융
309190,ARIRANGKRX300산업재
309200,ARIRANGKRX300자유소비재
309210,ARIRANGKRX300헬스케어
309230,KINDEX미국WideMoat가치주
310080,KBSTAR중국MSCIChina선물(H)
310960,TIGER200TR
310970,TIGERMSCIKoreaTR
314250,KODEX미국FANG플러스(H)
314700,HANARO농업융복합산업
315270,TIGER200커뮤니케이션서비스
315480,KBSTAR200커뮤니케이션서비스
315930,KODEXTop5PlusTR
315960,KBSTAR대형고배당10TR
316140,우리금융지주
316300,KINDEX싱가포르리츠
316670,KOSEF코스닥150
317400,자이에스앤디
319640,TIGER골드선물(H)
319870,KBSTARKRX300미국달러선물혼합
321410,KODEX멀티에셋하이인컴(H)
322000,현대에너지솔루션
322120,KINDEX스마트퀄리티
322130,KINDEX스마트로우볼
322150,KINDEX스마트하이베타
322400,HANAROe커머스
322410,HANARO고배당
325010,KODEXFn성장
325020,KODEX배당가치
326230,KBSTAR내수주플러스
326240,KBSTARIT플러스
328370,ARIRANG코스피TR
329200,TIGER부동산인프라고배당
329650,KODEXTRF3070
329660,KODEXTRF5050
329670,KODEXTRF7030
329750,TIGER미국달러단기채권액티브
330590,롯데리츠
331910,KOSEFFn중소형
332500,KINDEX200TR
332610,ARIRANG미국단기우량회사채
332620,ARIRANG미국장기우량회사채
332930,HANARO200TR
332940,HANAROMSCIKoreaTR
333940,ARIRANGKS로우볼가중TR
333950,ARIRANGKS로우사이즈가중TR
333960,ARIRANGKS모멘텀가중TR
333970,ARIRANGKS밸류가중TR
333980,ARIRANGKS퀄리티가중TR
334690,KBSTAR팔라듐선물(H)
334700,KBSTAR팔라듐선물인버스(H)
336160,KBSTAR금융채액티브
336260,두산퓨얼셀
33626K,두산퓨얼셀1우
33626L,두산퓨얼셀2우B
336370,두산솔루스
33637K,두산솔루스1우
33637L,두산솔루스2우B
337120,KODEXFn멀티팩터
337140,KODEX코스피대형주
337150,KODEX200exTOP
337160,KODEX200ESG
338100,NH프라임리츠
342140,KINDEX모닝스타싱가포르리츠채권혼합
342500,KBSTARKRX국채선물3년10년스티프너
342600,KBSTARKRX국채선물3년10년스티프너2X
342610,KBSTARKRX국채선물3년10년플래트너
342620,KBSTARKRX국채선물3년10년플래트너2X
344820,케이씨씨글라스
346000,HANAROKAP초장기국고채
500053,신한레버리지천연가스선물ETN
500054,신한인버스2X천연가스선물ETN
500007,신한인버스은선물ETN(H)
500039,신한코스피콘도르4/10%ETN
500042,신한코스피콘도르6/10%ETN
500043,신한코스피콘도르4/10%콜2204-01ETN
500044,신한코스피콘도르6/10%콜2204-01ETN
500052,신한FnGuide5G테마주ETN
500001,신한K200USD선물바이셀ETN
500002,신한USDK200선물바이셀ETN
500035,신한레버리지미국달러선물ETN
500036,신한인버스2X미국달러선물ETN
500046,신한코스피월별양매도3%OTMETN
500047,신한코스피월별양매도5%OTMETN
500048,신한코스피월별양매도3%콜2206-1ETN
500049,신한코스피월별양매도5%콜2206-1ETN
500020,신한레버리지다우존스지수선물ETN(H)
500028,신한인버스2X다우존스지수선물ETN(H)
500050,신한레버리지S&P500선물ETN
500051,신한인버스2XS&P500선물ETN
500003,신한인버스WTI원유선물ETN(H)
500004,신한브렌트원유선물ETN(H)
500005,신한인버스브렌트원유선물ETN(H)
500006,신한인버스금선물ETN(H)
500008,신한인버스구리선물ETN(H)
500009,신한다우존스지수선물ETN(H)
500010,신한인버스다우존스지수선물ETN(H)
500011,신한달러인덱스선물ETN(H)
500012,신한인버스달러인덱스선물ETN(H)
500013,신한옥수수선물ETN(H)
500014,신한인버스옥수수선물ETN(H)
500015,신한WTI원유선물ETN(H)
500016,신한금선물ETN(H)
500017,신한은선물ETN(H)
500018,신한구리선물ETN(H)
500019,신한레버리지WTI원유선물ETN(H)
500021,신한천연가스선물ETN(H)
500022,신한인버스천연가스선물ETN(H)
500023,신한콩선물ETN(H)
500024,신한인버스콩선물ETN(H)
500027,신한인버스2XWTI원유선물ETN(H)
500029,신한레버리지은선물ETN(H)
500030,신한인버스2X은선물ETN(H)
500031,신한레버리지천연가스선물ETN(H)
500032,신한인버스2X천연가스선물ETN(H)
500037,신한레버리지금선물ETN
500038,신한인버스2X금선물ETN
500040,신한레버리지구리선물ETN
500041,신한인버스2X구리선물ETN
500045,신한S&P500VIXS/T선물ETNB
500025,신한MSCI인도네시아선물ETN(H)
500026,신한인버스MSCI인도네시아선물ETN(H)
510001,대신WTI원유선물ETN(H)
510011,대신골드커버드콜타겟5%인컴ETN(H)
510002,대신아연선물ETN(H)
510003,대신니켈선물ETN(H)
510004,대신인버스아연선물ETN(H)
510005,대신2X아연선물ETN(H)
510006,대신인버스니켈선물ETN(H)
510007,대신2X니켈선물ETN(H)
510010,대신인버스2X니켈선물ETN(H)
510008,대신철광석선물ETN(H)
510009,대신인버스철광석선물ETN(H)
520004,미래에셋전기전자Core5ETN
520005,미래에셋인버스전기전자Core5ETN
520006,미래에셋에너지화학Core5ETN
520007,미래에셋인버스에너지화학Core5ETN
520013,미래에셋Q150Core5ETN
520014,미래에셋미디어엔터Core5ETN
520015,미래에셋인버스미디어엔터Core5ETN
520026,미래에셋코스피양매도5%OTMETN
520029,미래에셋양매도5%Auto-KO-C2205-01ETN
520009,미래에셋레버리지원유선물혼합ETN(H)
520010,미래에셋원유선물혼합ETN(H)
520011,미래에셋인버스원유선물혼합ETN(H)
520020,미래에셋미국시니어론100ETN(H)
520021,미래에셋미국시니어론100ETN
520012,미래에셋호주ASX200ETN(H)
520003,미래에셋원자재선물ETN(H)
530003,삼성모멘텀탑픽ETN
530004,삼성화장품테마주ETN
530005,삼성바이오테마주ETN
530006,삼성음식료테마주ETN
530007,삼성레저테마주ETN
530008,삼성미디어테마주ETN
530009,삼성증권테마주ETN
530010,삼성건축자재테마주ETN
530011,삼성온라인쇼핑테마주ETN
530012,삼성화학테마주ETN
530013,삼성KTOP30ETN
530067,삼성KRX금현물ETN
530053,삼성코스피풋매도ETN
530060,삼성코스피양매도5%OTMETN
530066,삼성코스피풋매도4%OTMETN
530015,삼성미국대형성장주ETN(H)
530016,삼성미국대형가치주ETN(H)
530017,삼성미국중소형성장주ETN(H)
530018,삼성미국중소형가치주ETN(H)
530019,삼성미국대형성장주ETN
530020,삼성미국대형가치주ETN
530021,삼성미국중소형성장주ETN
530022,삼성미국중소형가치주ETN
530032,삼성Cushing에너지인프라MLPETN
530033,삼성Alerian에너지인프라MLPETN
530031,삼성레버리지WTI원유선물ETN
530036,삼성인버스2XWTI원유선물ETN
530037,삼성레버리지천연가스선물ETN
530038,삼성인버스2X천연가스선물ETN
530055,삼성레버리지금선물ETN(H)
530056,삼성인버스2X금선물ETN(H)
530061,삼성레버리지은선물ETN(H)
530062,삼성인버스2X은선물ETN(H)
530063,삼성레버리지구리선물ETN(H)
530064,삼성인버스2X구리선물ETN(H)
530065,삼성S&P500VIXS/T선물ETN(H)B
530002,삼성인버스ChinaA50선물ETN(H)
530014,삼성ChinaA50선물ETN(H)
530023,삼성레버리지ChinaA50선물ETN(H)
550001,QVBigVolETN
550002,QVWISE배당ETN
550003,QV스마트리밸런싱250/3ETN
550004,QV롱숏K150매수로우볼매도ETN
550005,QV에너지TOP5ETN
550006,QV내수소비TOP5ETN
550007,QV조선TOP5ETN
550008,QV소프트웨어TOP5ETN
550009,QV하드웨어TOP5ETN
550010,QV운송TOP5ETN
550011,QV자동차TOP5ETN
550012,QV의료TOP5ETN
550013,QV화학TOP5ETN
550014,QV바이오TOP5ETN
550015,QV제약TOP5ETN
550016,QV건설TOP5ETN
550026,QVKTOP30ETN
550033,QV스마트리밸런싱260/4ETN
550046,QV레버리지10년국채선물ETN
550047,QV인버스레버리지10년국채선물ETN
550056,QV코스피양매도5%OTMETN
550057,QV코스피변동성매칭형양매도ETN
550041,QV미국ITTOP5ETN(H)
550044,QV레버리지S&P500ETN
550045,QV인버스레버리지S&P500ETN
550052,QVMSCI선진국ETN
550053,QV인버스MSCI선진국ETN
550054,QV레버리지MSCI선진국ETN
550055,QV인버스레버리지MSCI선진국ETN
550042,QV레버리지WTI원유선물ETN(H)
550043,QV인버스레버리지WTI원유선물ETN(H)
550058,QVS&P500VIXS/T선물ETNB
550018,QVCHINEXTETN(H)
570045,TRUE레버리지천연가스선물ETN(H)
570046,TRUE인버스2X천연가스선물ETN(H)
570003,TRUE빅5동일가중ETN
570008,TRUE섹터탑픽ETN
570009,TRUE코리아프리미어ETN
570019,TRUE코스피양매도5%OTMETN
570020,TRUE코스피커버드콜ETNB
570021,TRUE코스피커버드풋ETNB
570024,TRUE코스피타겟볼20ETN
570029,TRUE코스피양매도3%OTMETN
570030,TRUE코스피양매도ATMETN
570022,TRUE레버리지S&P500선물ETN(H)
570023,TRUE인버스2XS&P500선물ETN(H)
570042,TRUE인버스나스닥100ETN
570043,TRUE레버리지나스닥100ETN
570044,TRUE인버스2X나스닥100ETN
570025,TRUE인버스유로스탁스50ETN(H)B
570026,TRUE레버리지유로스탁스50ETN(H)
570027,TRUE인버스2X유로스탁스50ETN(H)
570037,TRUE유로선물ETNB
570038,TRUE인버스유로선물ETNB
570034,TRUE엔선물ETNB
570035,TRUE레버리지엔선물ETNB
570036,TRUE인버스엔선물ETNB
570028,TRUE인버스HSCEIETN(H)B
570031,TRUE레버리지HSCEIETN(H)
570032,TRUE인버스2XHSCEIETN(H)
580006,KBKTOP30ETN
580007,KBKQ우량주30ETN
580008,KB코스피양매도5%OTMETN
580009,KB코스피마운틴ETN
580010,KBWise분할매매ETN
590007,미래에셋미국대형주ETN(H)
590008,미래에셋미국중형주ETN(H)
590009,미래에셋미국항공우주ETN(H)
590010,미래에셋레버리지S&P500ETN(H)
590011,미래에셋인버스S&P500ETN(H)
590013,미래에셋미국리츠ETN(H)
590016,미래에셋미국헬스케어ETN(H)
590017,미래에셋미국고배당주ETN(H)
590003,미래에셋유럽대형주ETN(H)
590004,미래에셋유럽중형주ETN(H)
590005,미래에셋일본대형주ETN(H)
590006,미래에셋일본중형주ETN(H)
590018,미래에셋중국심천100ETN
590012,미래에셋글로벌리츠ETN(H)
700001,하나코스피변동성추세추종양매도ETN
900140,엘브이엠씨홀딩스
